contract,underlying,type,dte,strike,spot,moneyness,ind_bid,ind_ask,ind_mid,ind_width,true_bid,true_ask,true_mid,true_width,ask_err,bid_err,mid_err,width_err,ts
SPY260902C00751000,SPY,call,2,751.0,765.84,0.9806,14.87,14.91,14.89,0.04,14.66,15.18,14.92,0.52,0.27,-0.21,0.03,0.48,2026-08-31T16:49:46.335831+00:00
SPY260902P00751000,SPY,put,2,751.0,765.84,0.9806,0.16,0.17,0.165,0.01,0.14,0.15,0.145,0.01,-0.02,-0.02,-0.02,-0.0,2026-08-31T16:49:54.287398+00:00
SPY260902C00766000,SPY,call,2,766.0,765.84,1.0002,2.46,2.47,2.465,0.01,2.42,2.43,2.425,0.01,-0.04,-0.04,-0.04,0.0,2026-08-31T16:50:02.266959+00:00
SPY260902P00766000,SPY,put,2,766.0,765.84,1.0002,2.48,2.53,2.505,0.05,2.53,2.56,2.545,0.03,0.03,0.05,0.04,-0.02,2026-08-31T16:50:10.150617+00:00
SPY260902C00781000,SPY,call,2,781.0,765.84,1.0198,0.04,0.05,0.045,0.01,0.02,0.03,0.025,0.01,-0.02,-0.02,-0.02,-0.0,2026-08-31T16:50:18.057604+00:00
SPY260902P00781000,SPY,put,2,781.0,765.84,1.0198,13.97,17.24,15.605,3.27,13.95,16.9,15.425,2.95,-0.34,-0.02,-0.18,-0.32,2026-08-31T16:50:25.932417+00:00
SPY260910C00751000,SPY,call,10,751.0,765.84,0.9806,17.18,17.46,17.32,0.28,16.82,17.15,16.985,0.33,-0.31,-0.36,-0.335,0.05,2026-08-31T16:50:33.991924+00:00
SPY260910P00751000,SPY,put,10,751.0,765.84,0.9806,1.42,1.44,1.43,0.02,1.44,1.45,1.445,0.01,0.01,0.02,0.015,-0.01,2026-08-31T16:50:41.857260+00:00
SPY260910C00766000,SPY,call,10,766.0,765.84,1.0002,5.45,5.47,5.46,0.02,5.54,5.58,5.56,0.04,0.11,0.09,0.1,0.02,2026-08-31T16:50:49.980318+00:00
SPY260910P00766000,SPY,put,10,766.0,765.84,1.0002,4.93,5.03,4.98,0.1,4.97,5.0,4.985,0.03,-0.03,0.04,0.005,-0.07,2026-08-31T16:50:58.032201+00:00
SPY260910C00781000,SPY,call,10,781.0,765.84,1.0198,0.52,0.53,0.525,0.01,0.54,0.55,0.545,0.01,0.02,0.02,0.02,0.0,2026-08-31T16:51:06.007053+00:00
SPY260910P00781000,SPY,put,10,781.0,765.84,1.0198,14.32,17.12,15.72,2.8,13.95,17.01,15.48,3.06,-0.11,-0.37,-0.24,0.26,2026-08-31T16:51:13.853602+00:00
SPY261009C00751000,SPY,call,39,751.0,765.84,0.9806,21.56,23.34,22.45,1.78,21.87,23.77,22.82,1.9,0.43,0.31,0.37,0.12,2026-08-31T16:51:21.447093+00:00
SPY261009P00751000,SPY,put,39,751.0,765.84,0.9806,7.38,7.42,7.4,0.04,7.27,7.31,7.29,0.04,-0.11,-0.11,-0.11,0.0,2026-08-31T16:51:29.101169+00:00
SPY261009C00766000,SPY,call,39,766.0,765.84,1.0002,13.38,13.41,13.395,0.03,13.2,13.23,13.215,0.03,-0.18,-0.18,-0.18,0.0,2026-08-31T16:51:36.719896+00:00
SPY261009P00766000,SPY,put,39,766.0,765.84,1.0002,11.79,11.89,11.84,0.1,11.92,11.98,11.95,0.06,0.09,0.13,0.11,-0.04,2026-08-31T16:51:44.358740+00:00
SPY261009C00781000,SPY,call,39,781.0,765.84,1.0198,5.94,5.97,5.955,0.03,5.84,5.9,5.87,0.06,-0.07,-0.1,-0.085,0.03,2026-08-31T16:51:51.937769+00:00
SPY261009P00781000,SPY,put,39,781.0,765.84,1.0198,19.92,20.21,20.065,0.29,19.81,20.04,19.925,0.23,-0.17,-0.11,-0.14,-0.06,2026-08-31T16:51:59.515463+00:00
QQQ260902C00701000,QQQ,call,2,701.0,714.99,0.9804,13.82,14.77,14.295,0.95,14.16,14.69,14.425,0.53,-0.08,0.34,0.13,-0.42,2026-08-31T16:52:07.309726+00:00
QQQ260902P00701000,QQQ,put,2,701.0,714.99,0.9804,0.4,0.41,0.405,0.01,0.39,0.39,0.39,0.0,-0.02,-0.01,-0.015,-0.01,2026-08-31T16:52:15.311754+00:00
QQQ260902C00715000,QQQ,call,2,715.0,714.99,1.0,3.34,3.36,3.35,0.02,3.38,3.4,3.39,0.02,0.04,0.04,0.04,0.0,2026-08-31T16:52:23.379810+00:00
QQQ260902P00715000,QQQ,put,2,715.0,714.99,1.0,3.24,3.26,3.25,0.02,3.19,3.21,3.2,0.02,-0.05,-0.05,-0.05,0.0,2026-08-31T16:52:31.317397+00:00
QQQ260902C00729000,QQQ,call,2,729.0,714.99,1.0196,0.08,0.14,0.11,0.06,0.1,0.12,0.11,0.02,-0.02,0.02,-0.0,-0.04,2026-08-31T16:52:39.109496+00:00
QQQ260902P00729000,QQQ,put,2,729.0,714.99,1.0196,13.86,15.82,14.84,1.96,13.54,16.03,14.785,2.49,0.21,-0.32,-0.055,0.53,2026-08-31T16:52:46.902875+00:00
QQQ260910C00701000,QQQ,call,10,701.0,714.99,0.9804,17.31,17.8,17.555,0.49,17.33,17.73,17.53,0.4,-0.07,0.02,-0.025,-0.09,2026-08-31T16:52:54.812721+00:00
QQQ260910P00701000,QQQ,put,10,701.0,714.99,0.9804,2.66,2.7,2.68,0.04,2.68,2.72,2.7,0.04,0.02,0.02,0.02,0.0,2026-08-31T16:53:02.699180+00:00
QQQ260910C00715000,QQQ,call,10,715.0,714.99,1.0,7.35,7.39,7.37,0.04,7.44,7.51,7.475,0.07,0.12,0.09,0.105,0.03,2026-08-31T16:53:10.483139+00:00
QQQ260910P00715000,QQQ,put,10,715.0,714.99,1.0,6.61,6.83,6.72,0.22,6.67,6.74,6.705,0.07,-0.09,0.06,-0.015,-0.15,2026-08-31T16:53:18.405580+00:00
QQQ260910C00729000,QQQ,call,10,729.0,714.99,1.0196,1.85,1.88,1.865,0.03,1.87,1.91,1.89,0.04,0.03,0.02,0.025,0.01,2026-08-31T16:53:26.509521+00:00
QQQ260910P00729000,QQQ,put,10,729.0,714.99,1.0196,13.77,15.3,14.535,1.53,14.98,15.48,15.23,0.5,0.18,1.21,0.695,-1.03,2026-08-31T16:53:34.395788+00:00
QQQ261009C00701000,QQQ,call,39,701.0,714.99,0.9804,27.04,27.61,27.325,0.57,26.97,27.09,27.03,0.12,-0.52,-0.07,-0.295,-0.45,2026-08-31T16:53:41.941698+00:00
QQQ261009P00701000,QQQ,put,39,701.0,714.99,0.9804,10.33,10.51,10.42,0.18,10.48,10.58,10.53,0.1,0.07,0.15,0.11,-0.08,2026-08-31T16:53:49.550468+00:00
QQQ261009C00715000,QQQ,call,39,715.0,714.99,1.0,17.46,17.63,17.545,0.17,17.63,17.74,17.685,0.11,0.11,0.17,0.14,-0.06,2026-08-31T16:53:57.237151+00:00
QQQ261009P00715000,QQQ,put,39,715.0,714.99,1.0,14.99,15.49,15.24,0.5,15.25,15.36,15.305,0.11,-0.13,0.26,0.065,-0.39,2026-08-31T16:54:04.981147+00:00
QQQ261009C00729000,QQQ,call,39,729.0,714.99,1.0196,10.29,10.55,10.42,0.26,10.4,10.49,10.445,0.09,-0.06,0.11,0.025,-0.17,2026-08-31T16:54:12.869237+00:00
QQQ261009P00729000,QQQ,put,39,729.0,714.99,1.0196,22.15,22.5,22.325,0.35,22.23,22.38,22.305,0.15,-0.12,0.08,-0.02,-0.2,2026-08-31T16:54:20.732708+00:00
AAPL260902C00307500,AAPL,call,2,307.5,313.67,0.9803,6.15,7.12,6.635,0.97,6.1,7.1,6.6,1.0,-0.02,-0.05,-0.035,0.03,2026-08-31T16:54:27.843070+00:00
AAPL260902P00307500,AAPL,put,2,307.5,313.67,0.9803,0.45,0.47,0.46,0.02,0.43,0.45,0.44,0.02,-0.02,-0.02,-0.02,0.0,2026-08-31T16:54:34.909278+00:00
AAPL260902C00312500,AAPL,call,2,312.5,313.67,0.9963,2.99,3.07,3.03,0.08,2.97,3.1,3.035,0.13,0.03,-0.02,0.005,0.05,2026-08-31T16:54:41.982837+00:00
AAPL260902P00312500,AAPL,put,2,312.5,313.67,0.9963,1.66,1.74,1.7,0.08,1.64,1.71,1.675,0.07,-0.03,-0.02,-0.025,-0.01,2026-08-31T16:54:49.376530+00:00
