contract,underlying,dte,dte_label,strike,spot,moneyness,ind_bid,ind_ask,ind_mid,ind_width,true_bid,true_ask,true_width,true_mid,rel_true_width,open_interest,day_volume,day_trades,ask_size,bid_size,iv,delta,cost_usd,probed,predicted_usd,tag,ts
SPY260831C00744000,SPY,0,0DTE,744.0,766.67,0.9704,22.09,22.62,22.355,0.53,,,,,,784,12,6,100,100,,,0.0,False,53.0,afternoon,2026-08-31T18:10:17.724492+00:00
SPY260831C00759000,SPY,0,0DTE,759.0,766.67,0.99,7.37,7.66,7.515,0.29,7.51,7.71,0.2,7.61,0.02661,944,379,104,182,181,,,20.0,True,29.0,afternoon,2026-08-31T18:10:25.523876+00:00
SPY260831C00767000,SPY,0,0DTE,767.0,766.67,1.0004,0.39,0.4,0.395,0.01,0.41,0.41,0.0,0.41,0.0,2291,450646,60414,917,7,,,0.0,True,1.0,afternoon,2026-08-31T18:10:33.434857+00:00
SPY260831C00774000,SPY,0,0DTE,774.0,766.67,1.0096,0.01,0.02,0.015,0.01,0.01,0.02,0.01,0.015,0.66667,5791,11511,1110,3537,1039,,,1.0,True,1.0,afternoon,2026-08-31T18:10:41.259368+00:00
SPY260901C00744000,SPY,1,1-3d,744.0,766.67,0.9704,21.12,24.24,22.68,3.12,,,,,,178,5,5,44,44,0.2491,0.9894,0.0,False,312.0,afternoon,2026-08-31T18:10:48.615837+00:00
SPY260901C00759000,SPY,1,1-3d,759.0,766.67,0.99,6.55,8.06,7.305,1.51,,,,,,393,566,168,47,52,,,0.0,False,151.0,afternoon,2026-08-31T18:10:51.438206+00:00
SPY260901C00767000,SPY,1,1-3d,767.0,766.67,1.0004,1.59,1.6,1.595,0.01,1.57,1.58,0.01,1.575,0.00627,1312,43642,7339,125,141,0.1097,0.4709,1.0,True,1.0,afternoon,2026-08-31T18:10:59.566046+00:00
SPY260901C00774000,SPY,1,1-3d,774.0,766.67,1.0096,0.05,0.06,0.055,0.01,0.07,0.08,0.01,0.075,0.18182,1418,3106,382,671,1501,0.1001,0.0347,1.0,True,1.0,afternoon,2026-08-31T18:11:07.705236+00:00
SPY260908C00744000,SPY,8,7-12d,744.0,766.67,0.9704,21.42,24.83,23.125,3.41,,,,,,2,14,14,3,3,0.0943,0.986,0.0,False,341.0,afternoon,2026-08-31T18:11:15.585018+00:00
SPY260908C00759000,SPY,8,7-12d,759.0,766.67,0.99,10.07,10.25,10.16,0.18,9.89,10.09,0.2,9.99,0.01969,131,483,178,95,75,0.1143,0.737,20.0,True,18.0,afternoon,2026-08-31T18:11:24.091187+00:00
SPY260908C00767000,SPY,8,7-12d,767.0,766.67,1.0004,4.37,4.39,4.38,0.02,4.4,4.43,0.03,4.415,0.00685,64,1052,242,37,152,0.0954,0.5072,3.0,True,2.0,afternoon,2026-08-31T18:11:32.698698+00:00
SPY260908C00774000,SPY,8,7-12d,774.0,766.67,1.0096,1.47,1.49,1.48,0.02,1.46,1.48,0.02,1.47,0.01351,199,440,92,135,157,0.0883,0.2493,2.0,True,2.0,afternoon,2026-08-31T18:11:41.022516+00:00
SPY260908C00790000,SPY,8,7-12d,790.0,766.67,1.0304,0.01,0.06,0.035,0.05,0.03,0.04,0.01,0.035,0.28571,204,62,11,545,818,0.0858,0.0106,1.0,True,5.0,afternoon,2026-08-31T18:11:49.415393+00:00
SPY260908C00805000,SPY,8,7-12d,805.0,766.67,1.05,0.01,0.04,0.025,0.03,0.01,0.02,0.01,0.015,0.4,54,12,3,1463,903,0.1272,0.0055,1.0,True,3.0,afternoon,2026-08-31T18:11:58.101178+00:00
SPY260930C00744000,SPY,30,28-45d,744.0,766.67,0.9704,26.91,29.01,27.96,2.1,,,,,,219,2,2,51,58,0.1336,0.8104,0.0,False,210.0,afternoon,2026-08-31T18:12:00.952041+00:00
SPY260930C00759000,SPY,30,28-45d,759.0,766.67,0.99,15.73,15.93,15.83,0.2,15.58,15.78,0.2,15.68,0.01263,718,1,1,37,45,0.1164,0.6572,20.0,True,20.0,afternoon,2026-08-31T18:12:09.023367+00:00
SPY260930C00767000,SPY,30,28-45d,767.0,766.67,1.0004,10.61,10.64,10.625,0.03,10.41,10.44,0.03,10.425,0.00282,336,752,89,163,75,0.1103,0.5371,3.0,True,3.0,afternoon,2026-08-31T18:12:17.175800+00:00
SPY260930C00774000,SPY,30,28-45d,774.0,766.67,1.0096,6.71,6.74,6.725,0.03,6.74,6.77,0.03,6.755,0.00446,492,89,27,195,92,0.1028,0.4169,3.0,True,3.0,afternoon,2026-08-31T18:12:25.850107+00:00
SPY260930C00790000,SPY,30,28-45d,790.0,766.67,1.0304,1.8,1.86,1.83,0.06,1.82,1.84,0.02,1.83,0.01093,7258,333,114,414,432,0.0959,0.1657,2.0,True,6.0,afternoon,2026-08-31T18:12:33.984490+00:00
SPY260930C00805000,SPY,30,28-45d,805.0,766.67,1.05,0.38,0.39,0.385,0.01,0.4,0.41,0.01,0.405,0.02597,4701,109,30,765,760,0.0941,0.0456,1.0,True,1.0,afternoon,2026-08-31T18:12:42.089319+00:00
QQQ260831C00694000,QQQ,0,0DTE,694.0,715.61,0.9698,19.7,22.94,21.32,3.24,,,,,,198,38,26,28,29,,,0.0,False,324.0,afternoon,2026-08-31T18:12:44.698647+00:00
QQQ260831C00708000,QQQ,0,0DTE,708.0,715.61,0.9894,5.93,8.13,7.03,2.2,,,,,,349,1341,175,160,151,,,0.0,False,220.0,afternoon,2026-08-31T18:12:47.332051+00:00
QQQ260831C00716000,QQQ,0,0DTE,716.0,715.61,1.0005,0.42,0.44,0.43,0.02,0.41,0.43,0.02,0.42,0.04651,1548,282002,43516,76,569,,,2.0,True,2.0,afternoon,2026-08-31T18:12:55.156280+00:00
QQQ260831C00723000,QQQ,0,0DTE,723.0,715.61,1.0103,0.01,0.04,0.025,0.03,0.01,0.02,0.01,0.015,0.4,1003,10238,984,1610,20,,,1.0,True,3.0,afternoon,2026-08-31T18:13:03.058430+00:00
QQQ260901C00694000,QQQ,1,1-3d,694.0,715.61,0.9698,20.87,21.88,21.375,1.01,,,,,,21,20,1,19,19,,,0.0,False,101.0,afternoon,2026-08-31T18:13:10.153679+00:00
QQQ260901C00708000,QQQ,1,1-3d,708.0,715.61,0.9894,7.77,8.07,7.92,0.3,7.66,8.17,0.51,7.915,0.06439,633,164,65,322,314,0.1814,0.8663,51.0,True,30.0,afternoon,2026-08-31T18:13:18.555864+00:00
QQQ260901C00716000,QQQ,1,1-3d,716.0,715.61,1.0005,2.029,2.05,2.0395,0.021,2.0,2.03,0.03,2.015,0.01471,518,18117,4704,112,67,0.1541,0.4637,3.0,True,2.1,afternoon,2026-08-31T18:13:26.666344+00:00
QQQ260901C00723000,QQQ,1,1-3d,723.0,715.61,1.0103,0.19,0.24,0.215,0.05,0.21,0.22,0.01,0.215,0.04651,646,2391,529,321,176,0.1458,0.086,1.0,True,5.0,afternoon,2026-08-31T18:13:34.754036+00:00
QQQ260908C00694000,QQQ,8,7-12d,694.0,715.61,0.9698,22.83,23.22,23.025,0.39,22.73,23.31,0.58,23.02,0.02519,11,1,1,19,17,0.176,0.8871,58.0,True,39.0,afternoon,2026-08-31T18:13:47.708391+00:00
QQQ260908C00708000,QQQ,8,7-12d,708.0,715.61,0.9894,11.1,11.17,11.135,0.07,10.98,11.08,0.1,11.03,0.00898,4,926,158,2,5,0.1531,0.6918,10.0,True,7.0,afternoon,2026-08-31T18:13:56.293710+00:00
QQQ260908C00716000,QQQ,8,7-12d,716.0,715.61,1.0005,5.75,5.82,5.785,0.07,5.8,5.86,0.06,5.83,0.01037,25,858,140,10,82,0.1381,0.5013,6.0,True,7.0,afternoon,2026-08-31T18:14:04.691908+00:00
QQQ260908C00723000,QQQ,8,7-12d,723.0,715.61,1.0103,2.71,2.76,2.735,0.05,2.69,2.74,0.05,2.715,0.01828,54,281,64,36,43,0.1316,0.3091,5.0,True,5.0,afternoon,2026-08-31T18:14:13.095153+00:00
QQQ260908C00737000,QQQ,8,7-12d,737.0,715.61,1.0299,0.24,0.3,0.27,0.06,0.26,0.28,0.02,0.27,0.07407,339,46,12,137,355,0.1194,0.0512,2.0,True,6.0,afternoon,2026-08-31T18:14:21.228615+00:00
QQQ260908C00751000,QQQ,8,7-12d,751.0,715.61,1.0495,0.03,0.06,0.045,0.03,0.01,0.04,0.03,0.025,0.66667,73,32,7,1049,1128,0.1367,0.0093,3.0,True,3.0,afternoon,2026-08-31T18:14:29.295828+00:00
QQQ260930C00694000,QQQ,30,28-45d,694.0,715.61,0.9698,29.63,30.14,29.885,0.51,,,,,,45,2,2,10,10,0.1913,0.7374,0.0,False,51.0,afternoon,2026-08-31T18:14:32.197905+00:00
QQQ260930C00708000,QQQ,30,28-45d,708.0,715.61,0.9894,19.27,19.59,19.43,0.32,19.17,19.3,0.13,19.235,0.00669,298,11,7,3,9,0.1744,0.615,13.0,True,32.0,afternoon,2026-08-31T18:14:40.334018+00:00
QQQ260930C00716000,QQQ,30,28-45d,716.0,715.61,1.0005,14.23,14.43,14.33,0.2,14.17,14.29,0.12,14.23,0.00837,228,305,18,25,46,0.1656,0.5278,12.0,True,20.0,afternoon,2026-08-31T18:14:48.392341+00:00
QQQ260930C00723000,QQQ,30,28-45d,723.0,715.61,1.0103,10.59,10.69,10.64,0.1,10.44,10.54,0.1,10.49,0.0094,1062,5,4,39,34,0.1601,0.4444,10.0,True,10.0,afternoon,2026-08-31T18:14:56.548037+00:00
QQQ260930C00737000,QQQ,30,28-45d,737.0,715.61,1.0299,4.89,5.03,4.96,0.14,4.98,5.05,0.07,5.015,0.01411,150,28,12,51,48,0.1483,0.2718,7.0,True,14.0,afternoon,2026-08-31T18:15:04.694746+00:00
QQQ260930C00751000,QQQ,30,28-45d,751.0,715.61,1.0495,1.99,2.09,2.04,0.1,2.01,2.06,0.05,2.035,0.02451,200,18,7,96,184,0.1435,0.1388,5.0,True,10.0,afternoon,2026-08-31T18:15:12.840538+00:00
AAPL260831C00305000,AAPL,0,0DTE,305.0,315.565,0.9665,10.17,10.35,10.26,0.18,10.15,10.45,0.3,10.3,0.02924,331,30,14,87,49,,,30.0,True,18.0,afternoon,2026-08-31T18:15:20.714244+00:00
AAPL260831C00312500,AAPL,0,0DTE,312.5,315.565,0.9903,2.78,3.04,2.91,0.26,2.75,3.0,0.25,2.875,0.08591,949,8199,1902,150,68,,,25.0,True,26.0,afternoon,2026-08-31T18:15:28.568610+00:00
AAPL260831C00315000,AAPL,0,0DTE,315.0,315.565,0.9982,0.72,0.74,0.73,0.02,0.7,0.72,0.02,0.71,0.0274,6572,91916,13294,5,35,,,2.0,True,2.0,afternoon,2026-08-31T18:15:36.415670+00:00
AAPL260831C00317500,AAPL,0,0DTE,317.5,315.565,1.0061,0.05,0.1,0.075,0.05,0.07,0.08,0.01,0.075,0.13333,2342,106790,12441,267,169,,,1.0,True,5.0,afternoon,2026-08-31T18:15:44.330284+00:00
AAPL260902C00305000,AAPL,2,1-3d,305.0,315.565,0.9665,10.18,11.48,10.83,1.3,,,,,,145,6,2,219,117,0.3817,0.8833,0.0,False,130.0,afternoon,2026-08-31T18:15:51.184828+00:00
AAPL260902C00312500,AAPL,2,1-3d,312.5,315.565,0.9903,3.95,3.98,3.965,0.03,3.9,4.0,0.1,3.95,0.02522,448,4191,440,1,53,0.247,0.6912,10.0,True,3.0,afternoon,2026-08-31T18:15:59.241517+00:00
AAPL260902C00315000,AAPL,2,1-3d,315.0,315.565,0.9982,2.39,2.44,2.415,0.05,2.41,2.46,0.05,2.435,0.0207,561,17192,3284,20,59,0.2424,0.5256,5.0,True,5.0,afternoon,2026-08-31T18:16:07.148318+00:00
AAPL260902C00317500,AAPL,2,1-3d,317.5,315.565,1.0061,1.38,1.4,1.39,0.02,1.35,1.36,0.01,1.355,0.00719,472,20615,4829,157,1,0.2485,0.3569,1.0,True,2.0,afternoon,2026-08-31T18:16:14.942809+00:00
AAPL260902C00325000,AAPL,2,1-3d,325.0,315.565,1.0299,0.2,0.21,0.205,0.01,0.18,0.19,0.01,0.185,0.04878,2609,5622,1118,2,273,0.277,0.0719,1.0,True,1.0,afternoon,2026-08-31T18:16:22.930904+00:00
AAPL260902C00332500,AAPL,2,1-3d,332.5,315.565,1.0537,0.05,0.06,0.055,0.01,0.03,0.04,0.01,0.035,0.18182,165,961,95,106,63,0.3426,0.019,1.0,True,1.0,afternoon,2026-08-31T18:16:30.682364+00:00
AAPL260909C00305000,AAPL,9,7-12d,305.0,315.565,0.9665,11.22,12.93,12.075,1.71,,,,,,21,35,18,171,190,0.2656,0.799,0.0,False,171.0,afternoon,2026-08-31T18:16:33.333246+00:00
AAPL260909C00312500,AAPL,9,7-12d,312.5,315.565,0.9903,6.36,6.97,6.665,0.61,,,,,,107,151,42,509,212,0.2531,0.6052,0.0,False,61.0,afternoon,2026-08-31T18:16:36.353524+00:00
AAPL260909C00315000,AAPL,9,7-12d,315.0,315.565,0.9982,5.08,5.35,5.215,0.27,5.1,5.3,0.2,5.2,0.03835,1292,861,241,127,69,0.2497,0.5261,20.0,True,27.0,afternoon,2026-08-31T18:16:44.961341+00:00
AAPL260909C00317500,AAPL,9,7-12d,317.5,315.565,1.0061,3.92,4.07,3.995,0.15,3.85,4.0,0.15,3.925,0.03755,142,340,128,1,161,0.2467,0.446,15.0,True,15.0,afternoon,2026-08-31T18:16:54.014769+00:00
AAPL260909C00325000,AAPL,9,7-12d,325.0,315.565,1.0299,1.55,1.61,1.58,0.06,1.57,1.63,0.06,1.6,0.03797,672,933,281,116,1,0.244,0.2294,6.0,True,6.0,afternoon,2026-08-31T18:17:04.465635+00:00
AAPL260909C00332500,AAPL,9,7-12d,332.5,315.565,1.0537,0.45,0.59,0.52,0.14,0.47,0.61,0.14,0.54,0.26923,9,327,52,454,505,0.2478,0.0924,14.0,True,14.0,afternoon,2026-08-31T18:17:14.205444+00:00
AAPL261002C00305000,AAPL,32,28-45d,305.0,315.565,0.9665,15.28,16.35,15.815,1.07,,,,,,142,25,6,245,134,0.2511,0.6991,0.0,False,107.0,afternoon,2026-08-31T18:17:16.907754+00:00
AAPL261002C00310000,AAPL,32,28-45d,310.0,315.565,0.9824,12.68,12.99,12.835,0.31,12.5,12.8,0.3,12.65,0.02337,1944,4807,98,280,2,0.256,0.6173,30.0,True,31.0,afternoon,2026-08-31T18:17:25.332648+00:00
AAPL261002C00315000,AAPL,32,28-45d,315.0,315.565,0.9982,9.47,10.14,9.805,0.67,,,,,,562,148,73,342,83,0.2472,0.5357,0.0,False,67.0,afternoon,2026-08-31T18:17:28.390435+00:00
AAPL261002C00320000,AAPL,32,28-45d,320.0,315.565,1.0141,7.29,7.48,7.385,0.19,7.2,7.5,0.3,7.35,0.04062,536,332,117,473,204,0.2443,0.449,30.0,True,19.0,afternoon,2026-08-31T18:17:37.032263+00:00
AAPL261002C00325000,AAPL,32,28-45d,325.0,315.565,1.0299,5.31,5.58,5.445,0.27,5.25,5.55,0.3,5.4,0.0551,300,233,80,395,278,0.2422,0.3657,30.0,True,27.0,afternoon,2026-08-31T18:17:45.175933+00:00
AAPL261002C00330000,AAPL,32,28-45d,330.0,315.565,1.0457,3.77,4.08,3.925,0.31,3.75,4.0,0.25,3.875,0.06369,1085,270,67,657,304,0.2415,0.2886,25.0,True,31.0,afternoon,2026-08-31T18:17:53.105450+00:00
